inventory_id,product_id,stock,warehouse_id,last_stock_date
1,1,65,1,20/09/23
2,2,56,2,05/12/23
3,3,7,1,03/10/22
4,4,95,5,10/10/23
5,5,30,3,07/03/24
6,6,88,5,23/03/22
7,7,58,2,09/01/24
8,8,8,1,27/11/23
9,9,5,5,28/06/22
10,10,18,2,27/08/23
11,11,38,1,21/07/22
12,12,16,4,28/02/24
13,13,63,1,07/08/22
14,14,42,3,17/07/23
15,15,59,1,11/11/22
16,16,100,1,14/05/23
17,17,71,1,02/01/22
18,18,34,2,07/08/22
19,19,33,1,15/10/22
20,20,32,3,29/04/24
21,21,8,3,07/11/22
22,22,19,4,02/11/22
23,23,33,3,06/08/23
24,24,91,1,13/06/24
25,25,88,1,02/06/22
26,26,83,1,01/04/23
28,28,40,1,03/07/22
29,29,43,1,24/02/22
30,30,19,1,07/06/23
31,31,12,4,21/06/24
32,32,47,5,14/09/22
33,33,59,5,30/04/23
34,34,10,3,22/11/22
35,35,93,2,08/02/22
36,36,11,3,03/07/23
37,37,45,3,12/05/24
38,38,23,4,16/02/24
39,39,98,4,29/05/23
40,40,47,1,02/06/23
41,41,21,4,13/04/24
42,42,54,1,30/11/22
43,43,58,1,10/01/22
44,44,44,3,21/09/23
45,45,26,1,10/07/22
46,46,72,3,03/05/23
47,47,40,2,26/03/22
48,48,45,1,26/01/22
49,49,59,5,06/01/23
50,50,100,3,11/02/24
51,51,20,2,04/01/23
52,52,99,2,16/02/22
53,53,73,4,09/06/23
54,54,16,1,14/01/24
55,55,82,3,28/05/23
56,56,81,1,22/01/23
57,57,19,1,22/06/23
58,58,99,1,29/10/22
59,59,49,4,05/05/22
60,60,31,3,09/12/22
61,61,33,5,09/04/24
62,62,54,1,30/07/22
63,63,72,2,07/01/22
64,64,41,5,28/02/23
65,65,22,2,17/11/22
66,66,70,4,11/03/23
67,67,100,3,13/04/23
68,68,47,1,05/07/23
69,69,31,1,25/03/24
70,70,76,1,04/02/22
71,71,28,4,10/12/22
72,72,80,3,15/10/23
73,73,88,1,03/11/23
74,74,95,1,12/02/23
75,75,40,5,13/11/22
76,76,6,5,08/03/23
77,77,40,4,14/06/23
78,78,50,1,04/03/22
79,79,49,2,26/01/23
80,80,7,3,12/02/24
81,81,66,1,03/03/23
82,82,9,2,16/06/23
83,83,76,1,27/03/23
84,84,64,4,17/04/23
85,85,8,1,26/01/24
86,86,40,2,10/01/22
87,87,21,1,01/08/22
88,88,60,1,31/01/23
89,89,80,1,28/03/23
90,90,13,3,30/11/22
91,91,75,4,22/07/23
92,92,88,4,27/08/22
93,93,54,2,09/09/22
94,94,90,3,28/05/23
95,95,94,5,02/05/24
96,96,94,2,21/03/23
97,97,12,1,07/08/23
98,98,12,1,30/04/23
99,99,40,5,07/07/22
100,100,66,2,26/06/23
101,101,98,1,17/11/22
102,102,17,1,02/10/23
103,103,75,4,10/04/23
104,104,77,5,13/05/22
105,105,51,3,09/09/23
106,106,73,3,21/03/22
107,107,18,3,02/04/22
108,108,27,1,09/05/23
109,109,71,2,27/02/24
110,110,94,1,28/01/22
111,111,20,1,27/01/24
112,112,63,1,29/11/23
113,113,6,5,25/10/23
114,114,17,4,22/04/23
115,115,87,5,26/06/24
116,116,10,4,08/04/23
117,117,84,1,08/06/23
118,118,32,3,26/06/24
119,119,59,3,12/06/22
120,120,14,5,27/01/23
121,121,61,1,28/06/23
122,122,56,1,26/07/22
123,123,46,1,28/09/23
124,124,68,2,27/08/22
125,125,27,5,09/02/24
126,126,74,1,22/05/24
127,127,12,3,27/04/24
128,128,46,1,19/05/22
129,129,32,3,08/06/22
130,130,88,1,23/10/23
131,131,50,3,25/09/22
132,132,75,2,07/05/22
133,133,43,3,19/03/23
134,134,58,1,22/04/23
135,135,26,2,01/11/23
136,136,82,1,29/04/22
137,137,80,1,31/08/22
138,138,76,3,08/08/22
139,139,94,1,20/12/22
140,140,73,4,15/01/23
141,141,71,3,20/06/22
142,142,40,4,10/04/24
143,143,99,1,24/03/22
144,144,51,1,26/03/23
145,145,84,1,23/02/24
146,146,72,4,25/04/22
147,147,78,2,03/06/22
148,148,72,2,01/04/24
149,149,7,1,26/09/23
150,150,42,1,02/09/23
151,151,54,2,20/02/24
152,152,16,2,20/08/23
153,153,20,1,10/04/23
154,154,75,1,29/03/23
155,155,7,5,18/04/24
156,156,46,1,09/04/24
157,157,97,1,20/04/22
158,158,60,1,23/07/23
159,159,12,5,16/06/22
160,160,60,1,10/10/22
161,161,35,1,12/05/23
162,162,22,4,23/01/24
163,163,86,4,10/05/24
164,164,99,5,26/03/23
165,165,75,5,30/07/23
166,166,48,4,09/12/22
167,167,93,4,07/01/24
168,168,6,2,31/05/23
169,169,38,3,08/07/22
170,170,53,1,11/10/23
171,171,60,4,26/10/23
172,172,62,1,17/02/22
173,173,70,3,14/06/24
174,174,83,4,16/10/23
175,175,30,1,15/12/22
176,176,93,2,30/10/22
177,177,23,3,07/12/22
179,179,11,4,21/07/23
180,180,35,3,28/02/22
181,181,15,5,30/03/22
182,182,6,4,28/05/22
183,183,11,2,28/05/22
184,184,47,2,10/07/23
185,185,19,1,12/10/22
186,186,15,4,23/05/23
187,187,54,5,01/01/24
188,188,25,1,14/03/22
189,189,15,4,13/10/23
190,190,52,1,13/06/22
191,191,84,3,06/02/22
192,192,54,2,07/02/23
193,193,15,2,08/08/23
194,194,40,2,27/06/22
195,195,68,1,25/06/24
196,196,5,1,11/11/23
197,197,56,2,18/12/23
198,198,45,2,27/12/23
199,199,69,2,18/01/23
200,200,65,1,22/06/24
201,201,26,2,06/12/22
202,202,41,4,04/08/23
203,203,80,1,27/02/24
204,204,8,1,22/04/23
205,205,15,1,09/10/22
206,206,24,2,16/04/24
207,207,21,5,05/11/23
208,208,30,5,15/03/23
209,209,81,1,06/02/23
210,210,86,4,31/05/24
211,211,91,1,08/03/23
212,212,24,2,24/09/23
213,213,98,5,14/05/24
214,214,52,3,02/05/22
215,215,70,3,04/04/23
216,216,43,1,13/02/23
217,217,18,5,10/08/23
218,218,94,3,29/01/22
219,219,91,2,18/01/24
220,220,42,1,28/01/23
221,221,68,1,05/02/23
222,222,77,1,01/03/24
223,223,99,3,22/06/24
224,224,66,1,04/06/24
225,225,25,2,01/09/22
226,226,11,3,19/02/23
227,227,95,2,27/12/23
229,229,83,1,22/10/23
230,230,19,1,21/12/22
231,231,18,5,05/08/22
232,232,64,2,05/05/22
233,233,13,5,08/04/24
234,234,19,2,08/04/23
235,235,13,1,06/01/22
236,236,67,1,05/07/23
237,237,95,2,31/07/23
238,238,67,1,01/02/22
239,239,24,2,08/11/23
240,240,56,1,27/04/24
241,241,16,4,10/10/23
242,242,88,3,13/12/23
243,243,60,3,19/05/23
244,244,100,3,20/11/23
245,245,90,1,20/04/22
246,246,100,4,15/04/23
247,247,39,4,29/06/22
248,248,27,3,19/04/23
249,249,61,2,02/10/23
250,250,27,2,01/10/23
251,251,48,2,17/12/22
252,252,100,3,10/11/23
253,253,55,1,22/04/22
254,254,84,1,16/04/22
255,255,15,1,20/09/22
256,256,93,5,22/04/24
257,257,63,2,12/06/24
258,258,17,1,25/04/23
259,259,96,2,24/01/23
260,260,69,4,30/06/24
261,261,74,1,13/02/23
262,262,35,2,03/07/23
263,263,87,1,20/06/22
264,264,31,2,20/09/22
265,265,44,2,14/02/24
266,266,26,4,08/11/22
267,267,71,1,15/04/23
268,268,43,2,10/04/23
269,269,18,1,14/09/23
270,270,68,4,18/04/23
272,272,72,4,08/03/23
273,273,83,4,29/12/22
274,274,78,1,14/01/22
275,275,99,4,18/06/22
276,276,87,1,20/02/24
277,277,16,2,18/06/23
278,278,96,5,08/11/23
279,279,20,1,16/10/22
280,280,62,2,10/02/22
281,281,48,3,07/08/22
282,282,84,4,29/06/23
283,283,7,5,14/04/24
284,284,73,3,13/02/22
285,285,19,1,16/04/24
286,286,66,1,22/06/23
287,287,44,2,05/04/24
288,288,29,1,01/07/23
289,289,92,5,13/11/23
290,290,71,2,26/01/23
291,291,49,5,28/07/22
292,292,76,2,06/03/24
293,293,68,1,29/04/22
294,294,59,2,13/02/22
295,295,62,1,10/03/23
296,296,56,4,17/07/23
297,297,84,4,19/02/24
298,298,95,2,11/03/24
299,299,70,5,19/04/22
300,300,38,1,04/08/22
301,301,78,2,23/10/22
302,302,74,1,18/11/23
303,303,92,3,22/12/23
304,304,7,2,27/08/22
305,305,63,1,18/05/23
306,306,19,2,12/10/22
307,307,43,1,15/02/22
308,308,89,2,31/07/22
309,309,59,2,29/10/22
310,310,78,3,13/06/24
311,311,79,4,06/08/23
312,312,47,4,20/03/22
313,313,65,3,10/06/22
314,314,9,3,05/02/22
315,315,41,1,13/12/23
316,316,90,1,20/05/22
317,317,35,1,17/12/23
318,318,86,2,14/08/23
319,319,88,2,18/05/23
320,320,74,3,16/05/24
321,321,12,2,26/10/23
322,322,39,4,23/04/23
323,323,67,2,28/03/22
324,324,87,4,24/01/23
325,325,55,3,25/06/24
326,326,41,1,01/03/24
327,327,54,1,27/12/23
328,328,31,3,07/12/23
329,329,58,2,21/10/23
330,330,80,3,10/01/23
331,331,27,3,11/09/23
332,332,90,2,29/06/24
333,333,84,3,07/07/23
334,334,37,1,21/11/23
335,335,90,1,30/04/23
336,336,44,4,04/04/24
337,337,55,2,24/06/24
338,338,8,5,30/11/22
339,339,66,1,29/03/22
340,340,30,1,16/05/23
341,341,58,3,26/06/23
342,342,66,1,25/08/22
343,343,69,1,25/03/24
344,344,83,1,22/01/24
345,345,38,1,15/05/22
346,346,72,1,20/07/22
347,347,95,1,25/06/23
348,348,37,3,06/08/23
349,349,36,1,20/10/22
350,350,52,2,28/01/24
351,351,97,3,04/09/22
352,352,11,1,01/12/23
353,353,28,3,14/01/22
354,354,55,1,13/04/22
355,355,40,1,14/04/24
356,356,43,1,26/08/23
357,357,56,3,29/03/23
358,358,77,1,10/05/23
359,359,53,5,28/01/22
360,360,72,3,22/01/24
361,361,46,4,24/11/22
362,362,55,4,12/08/22
363,363,19,1,17/06/24
364,364,98,4,07/11/22
365,365,93,3,06/01/24
366,366,29,1,09/07/23
367,367,26,1,14/11/22
368,368,91,1,08/06/23
369,369,73,3,10/10/22
370,370,16,2,22/04/23
371,371,8,3,09/03/24
372,372,72,1,25/04/23
373,373,48,1,17/04/24
374,374,64,1,12/04/23
375,375,69,5,07/12/22
376,376,69,1,17/08/23
377,377,18,1,20/06/23
378,378,14,5,12/08/22
379,379,94,1,20/05/24
380,380,49,5,14/02/22
381,381,86,1,21/12/23
382,382,14,3,31/07/22
383,383,98,3,22/05/23
384,384,88,1,28/09/23
385,385,7,1,12/03/23
386,386,72,2,15/09/22
387,387,60,1,09/05/22
388,388,75,1,12/03/24
389,389,48,4,16/08/22
390,390,85,1,04/01/22
391,391,55,4,18/04/23
392,392,50,1,04/08/23
393,393,64,2,08/02/22
394,394,19,2,28/03/24
395,395,88,5,31/10/23
396,396,87,2,07/01/23
397,397,98,2,18/07/22
398,398,72,5,10/03/24
399,399,49,2,09/08/22
400,400,46,3,05/07/23
401,401,5,1,21/09/23
402,402,5,1,27/07/23
403,403,51,1,08/03/22
404,404,72,2,27/03/24
405,405,88,1,08/01/23
406,406,15,3,12/05/22
407,407,60,2,22/02/22
408,408,21,2,23/09/23
409,409,13,2,31/03/22
410,410,92,4,21/03/22
411,411,10,1,15/03/24
412,412,17,1,30/01/23
413,413,64,1,13/05/22
414,414,47,1,03/06/23
415,415,38,1,01/01/24
416,416,97,5,23/11/23
417,417,13,4,02/06/22
418,418,23,3,17/08/22
419,419,61,1,29/01/22
420,420,21,2,01/09/22
421,421,66,1,30/01/23
422,422,77,1,21/03/22
423,423,24,1,27/07/23
424,424,70,3,31/12/22
425,425,29,1,26/09/23
426,426,43,3,13/06/23
427,427,43,1,03/06/22
428,428,35,2,26/09/23
429,429,51,4,07/03/24
430,430,66,3,13/12/23
431,431,67,5,25/03/23
432,432,50,3,28/06/24
433,433,49,1,23/04/24
434,434,59,3,05/11/23
435,435,75,3,16/07/23
436,436,22,1,15/10/23
437,437,7,1,31/07/23
438,438,67,1,17/12/23
439,439,67,2,25/01/23
440,440,65,2,12/10/22
441,441,31,2,12/03/24
442,442,35,4,16/04/23
443,443,17,4,10/03/22
444,444,27,4,30/08/22
445,445,76,3,29/11/22
446,446,28,1,07/06/23
447,447,84,5,24/07/22
448,448,13,1,19/02/22
449,449,12,5,13/12/23
450,450,31,5,02/08/23
451,451,76,2,22/01/24
452,452,26,5,05/01/23
453,453,6,5,18/03/22
454,454,63,4,19/01/24
455,455,76,1,06/12/23
456,456,76,1,16/02/24
457,457,81,3,09/04/24
458,458,90,3,16/01/23
459,459,64,2,10/05/23
460,460,45,4,19/10/22
461,461,54,3,25/06/24
462,462,55,3,17/10/22
463,463,58,2,18/04/24
464,464,31,1,05/04/22
465,465,36,2,26/04/23
467,467,16,1,21/12/23
468,468,10,1,01/11/22
469,469,13,4,20/04/24
470,470,79,5,24/07/23
471,471,96,2,17/02/24
472,472,64,3,18/09/22
473,473,19,4,24/02/23
474,474,72,2,04/01/24
475,475,23,3,25/12/23
476,476,16,1,20/03/22
477,477,80,1,22/06/22
478,478,21,1,12/10/22
479,479,51,2,29/10/22
480,480,9,3,17/01/23
481,481,87,5,12/03/23
482,482,11,3,30/06/24
483,483,89,1,02/07/23
484,484,84,2,10/02/22
485,485,8,2,18/03/22
486,486,92,4,23/02/22
487,487,81,2,15/03/23
488,488,64,3,04/06/22
489,489,45,4,07/05/22
490,490,31,1,31/05/24
491,491,72,4,26/12/23
492,492,74,5,04/04/24
493,493,63,2,08/08/22
494,494,74,3,24/08/23
495,495,56,2,29/10/23
496,496,39,1,15/04/22
497,497,72,4,02/05/22
498,498,40,4,04/05/22
499,499,88,3,17/11/23
500,500,76,4,29/08/23
501,501,95,1,10/02/23
502,502,71,1,29/04/22
503,503,9,4,18/09/23
504,504,83,2,24/05/24
505,505,99,5,14/08/23
506,506,10,1,06/01/23
507,507,90,2,31/03/24
508,508,85,5,17/05/22
509,509,13,2,11/12/23
510,510,71,5,22/03/23
511,511,26,3,31/10/22
512,512,92,2,16/12/23
513,513,25,1,02/03/24
514,514,27,2,25/08/23
515,515,33,1,06/06/23
517,517,86,4,03/04/23
518,518,17,5,03/03/24
519,519,86,4,10/06/24
520,520,93,2,08/07/23
521,521,84,1,15/10/22
522,522,15,5,11/09/23
523,523,100,4,09/07/22
524,524,22,2,08/12/23
525,525,53,2,12/02/22
526,526,77,4,02/06/24
527,527,47,1,19/11/23
529,529,54,5,19/12/23
530,530,73,1,13/04/22
531,531,86,2,03/02/22
532,532,15,2,02/03/23
533,533,67,4,21/03/24
534,534,28,4,09/11/22
535,535,9,4,31/10/22
536,536,14,4,18/09/22
537,537,61,1,17/06/24
538,538,84,4,14/09/22
539,539,33,3,23/12/23
540,540,20,1,13/11/23
541,541,77,1,15/04/22
542,542,77,1,06/02/22
543,543,74,3,22/03/23
544,544,53,2,24/08/23
545,545,64,3,23/07/22
546,546,68,2,26/10/22
547,547,43,2,11/09/23
548,548,36,1,13/08/22
549,549,94,2,05/04/22
550,550,75,5,04/01/23
551,551,62,2,31/07/23
552,552,60,5,15/05/24
553,553,69,5,27/08/22
554,554,83,5,02/06/23
555,555,60,1,28/05/24
556,556,70,1,07/01/23
557,557,24,4,20/11/23
558,558,40,1,27/05/23
559,559,63,1,10/08/23
560,560,60,1,24/11/22
561,561,43,2,10/01/23
562,562,60,1,09/07/23
563,563,13,2,10/05/23
564,564,52,2,14/04/24
565,565,51,1,28/10/23
566,566,52,2,05/01/22
567,567,72,3,12/06/23
568,568,14,4,29/01/22
569,569,44,5,13/11/22
570,570,97,5,12/06/22
571,571,93,2,26/08/22
572,572,32,2,06/05/23
573,573,81,5,25/01/23
574,574,28,3,22/03/23
575,575,83,3,26/09/22
576,576,83,3,09/08/22
577,577,52,2,19/08/23
578,578,52,4,08/07/23
579,579,93,5,11/02/22
580,580,85,1,19/09/23
581,581,9,1,01/12/23
582,582,98,5,04/08/23
583,583,85,2,13/10/23
584,584,26,2,20/04/23
585,585,84,4,27/09/23
586,586,49,3,15/05/22
587,587,28,1,14/02/24
588,588,33,3,30/01/24
589,589,83,4,22/07/23
590,590,91,1,06/04/22
591,591,26,2,07/03/23
592,592,65,1,25/06/23
593,593,33,3,15/10/23
594,594,7,1,29/05/24
595,595,33,3,09/05/24
596,596,65,1,08/09/22
597,597,12,2,12/02/22
598,598,32,4,17/01/23
599,599,19,2,13/09/23
600,600,72,4,14/08/23
601,601,85,4,24/05/24
602,602,79,1,18/07/22
603,603,58,1,01/01/22
604,604,75,3,08/06/22
605,605,21,2,26/07/23
606,606,13,5,10/05/22
607,607,6,1,08/08/22
608,608,91,1,26/03/23
609,609,90,1,14/07/22
610,610,36,1,09/02/22
611,611,50,1,27/09/22
612,612,95,5,07/07/22
613,613,87,1,27/10/22
614,614,72,1,20/04/23
615,615,65,1,08/09/23
616,616,24,5,15/03/23
617,617,5,1,10/01/23
618,618,20,3,09/07/22
619,619,74,1,11/09/23
620,620,17,1,06/01/23
621,621,31,5,24/01/24
622,622,25,5,03/04/23
623,623,25,1,14/09/22
624,624,48,3,11/11/23
625,625,72,1,11/02/24
626,626,11,4,01/01/24
627,627,44,1,22/04/22
628,628,31,1,28/06/22
629,629,40,5,25/02/22
630,630,86,1,08/02/23
631,631,73,1,08/04/24
632,632,75,1,24/09/22
633,633,52,3,26/01/22
634,634,68,1,11/03/23
635,635,35,2,10/06/24
636,636,37,1,02/11/23
637,637,80,3,16/07/22
638,638,28,1,08/10/23
639,639,46,2,21/04/23
640,640,29,1,08/10/22
641,641,95,5,11/03/23
642,642,53,4,13/02/23
643,643,16,3,04/10/23
644,644,71,1,20/09/23
645,645,58,4,13/04/22
646,646,41,4,10/04/23
647,647,7,1,06/03/23
648,648,18,4,25/04/22
649,649,46,1,09/02/22
650,650,21,5,09/11/22
651,651,36,5,24/12/23
652,652,86,2,20/11/23
653,653,69,2,08/01/22
654,654,6,5,14/02/23
655,655,74,3,21/01/22
656,656,66,2,05/11/22
657,657,35,2,15/02/23
658,658,11,4,26/03/24
659,659,16,2,06/01/22
660,660,72,2,20/10/22
661,661,40,2,28/04/22
662,662,51,2,28/04/22
663,663,52,5,08/11/23
664,664,44,2,07/03/22
665,665,81,5,29/03/23
666,666,68,1,21/09/23
667,667,6,1,25/06/22
668,668,88,1,03/12/23
669,669,100,2,23/06/23
670,670,56,1,31/01/23
671,671,24,5,18/04/24
672,672,22,5,17/06/22
673,673,16,1,30/01/24
674,674,33,1,08/08/23
675,675,84,1,13/09/22
676,676,59,3,01/10/22
677,677,52,5,21/04/24
678,678,23,3,03/06/24
679,679,20,4,03/07/23
680,680,25,2,30/05/22
681,681,36,4,04/01/22
682,682,18,1,08/11/22
683,683,70,4,04/05/24
684,684,26,3,15/11/22
685,685,71,2,25/03/23
686,686,91,2,03/08/22
687,687,62,3,14/06/24
688,688,45,1,12/06/24
689,689,39,1,25/04/22
690,690,39,2,15/03/23
691,691,21,2,18/04/22
692,692,97,5,14/02/24
693,693,35,5,26/03/24
694,694,45,2,14/06/22
695,695,25,2,15/11/22
696,696,7,1,22/04/24
697,697,52,1,28/05/22
698,698,84,1,02/11/23
699,699,47,1,22/01/22
700,700,58,2,01/01/24
701,701,88,1,17/06/23
702,702,51,2,12/02/23
703,703,26,1,04/02/22
704,704,94,4,04/05/24
705,705,31,4,17/06/24
706,706,24,1,02/05/24
707,707,97,1,16/04/24
708,708,48,3,07/02/22
709,709,16,1,08/12/22
710,710,22,4,03/03/24
711,711,90,1,28/12/23
712,712,93,1,19/08/22
713,713,35,4,28/11/22
714,714,26,3,24/07/23
715,715,26,4,29/12/22
716,716,15,1,28/01/22
717,717,88,1,12/10/23
718,718,83,5,17/09/22
719,719,14,2,09/07/22
720,720,77,3,16/05/24
721,721,60,5,23/08/22
722,722,66,3,15/05/23
723,723,37,2,29/06/23
724,724,60,2,10/07/22
726,726,55,2,23/05/24
727,727,21,4,16/12/22
728,728,31,2,17/06/24
729,729,28,1,06/10/22
730,730,86,1,20/01/23
731,731,93,4,30/10/22
732,732,54,3,23/03/22
733,733,77,4,13/12/23
734,734,62,1,15/10/22
735,735,58,1,04/06/23
736,736,60,1,14/07/23
737,737,11,2,16/03/22
738,738,65,1,14/10/23
739,739,93,2,03/02/24
740,740,58,1,04/12/22
741,741,46,1,15/04/22
742,742,76,1,29/05/22
743,743,47,5,08/12/23
744,744,75,4,26/12/23
745,745,74,2,04/06/22
746,746,26,4,15/04/23
747,747,70,4,09/04/24
748,748,72,1,13/12/23
749,749,73,5,02/08/23
750,750,55,4,24/03/23
751,751,30,1,27/04/22
752,752,39,2,15/03/24
753,753,62,1,22/12/22
754,754,36,2,17/04/24
755,755,62,1,12/07/22
756,756,82,5,10/04/24
757,757,33,1,02/12/23
758,758,51,3,27/11/23
