seller_id,seller_name,origin
1,Chewy Direct,USA
2,Wyze Labs,China
3,iSaddle,
4,TaoTronics,China
5,Lululemon Athletica,Canada
6,Jabra,China
7,Etekcity,USA
8,Osprey Packs,USA
9,Playmobil Direct,Germany
10,Microsoft Store,USA
11,OXO Good Grips,USA
12,Lefant Home,China
13,Mpow Official,China
14,AnkerDirect,USA
15,Google Store,USA
16,Muji Home,Japan
17,Havaianas Store,Brazil
18,OontZ,China
19,Casio Store,Japan
20,All-new Echo,China
21,Yeti Coolers,
22,Bajaj Electricals,India
23,RAVPower,China
24,HP Official,USA
25,Aukey Direct,China
26,Hasbro Toys,USA
27,KitchenAid Store,USA
28,Herschel Supply Co,Canada
29,Dell Direct,USA
30,Seagate,CHINA
31,Casio Direct,Japan
32,Eufy Official,China
33,VAVA,China
34,Nespresso Boutique,Switzerland
35,Beats Electronics,USA
36,Andes Gear,Chile
37,Anker PowerCore,China
38,Fossil Group,USA
39,Samsung Electronics,  China  
40,Purina Store,USA
41,Corkcicle,USA
42,Bata Shoes,  India  
43,Natura Brasil,Brazil
44,Tech Armor,USA
45,Le Creuset,France
46,SanDisk,China
47,Bose Official,USA
48,AmazonBasics,USA
49,Roborock,China
50,Instant Pot Official,USA
51,Zacro Toys,China
52,JETech,China
53,Coleman Outdoor,USA
54,Nivea Care,Germany
