customer_id,first_name,last_name,state
1,Evelyn,Bailey,New Mexico
2,Megan,Edwards,Massachusetts
3,Jesse,Harris,Florida
4,Gloria,Stewart,Colorado
5,Sophia,White,Texas
6,Peter,Hill,Florida
7,Lisa,Morgan,Arkansas
8,Diana,Brooks,California
9,Dylan,Gomez,Wyoming
10,Evelyn,Wood,Oklahoma
11,Sophia,Wood,Florida
12,Grace,Johnson,Mississippi
13,Ann,Rodriguez,California
14,Elizabeth,Harris,Idaho
15,Kathleen,Kim,California
16,Kyle,Adams,Virginia
17,Alice,Sanchez,Massachusetts
18,Cynthia,Brooks,Illinois
19,Jacqueline,Smith,South Carolina
20,Nancy,Collins,South Carolina
21,Brenda,Evans,Tennessee
22,Nancy,Price,Pennsylvania
23,Benjamin,Ross,New York
24,Gloria,Torres,California
25,Sarah,Reed,Utah
26,Margaret,Phillips,Texas
27,Justin,Roberts,California
28,Robert,Mendoza,California
29,Jason,Clark,Delaware
30,Susan,Stewart,North Carolina
31,Brittany,Gomez,New Jersey
32,Charles,Reed,Colorado
33,Ronald,Jimenez,Alabama
34,Anna,Baker,Texas
35,Helen,Nelson,California
36,Jose,Ross,Delaware
37,Donald,Moore,Pennsylvania
38,Ralph,Gonzalez,California
39,Jessica,Reyes,Nevada
40,Jeremy,Thompson,Louisiana
41,Kathryn,Harris,Virginia
42,Christian,Harris,Oklahoma
43,Kimberly,Turner,Minnesota
44,Jerry,Anderson,Michigan
45,Kelly,Ramirez,California
46,Anna,Ramos,Ohio
47,Jennifer,Clark,Florida
48,Tyler,Cox,Minnesota
49,Jean,Gonzalez,California
50,Donna,Ramirez,Virginia
51,Eric,Johnson,Utah
52,Joe,Nelson,Mississippi
53,Emma,Roberts,Texas
54,Karen,Lopez,New York
55,Abigail,Brooks,Pennsylvania
56,Patricia,Kim,North Carolina
57,Maria,Richardson,Virginia
58,Steven,Ramos,Washington
59,Jean,Moore,Nebraska
60,Jerry,White,Colorado
61,Michelle,Flores,Montana
62,Ryan,Ward,Pennsylvania
63,Marie,Harris,Florida
64,Alexis,Watson,North Dakota
65,Frances,Sanchez,Louisiana
66,Diane,Morris,Wisconsin
67,Christopher,Turner,California
68,Anthony,Wilson,California
69,Gloria,Allen,Pennsylvania
70,Alexis,Price,Michigan
71,Angela,Turner,Mississippi
72,Dylan,Morales,Illinois
73,Teresa,Thompson,Delaware
74,Eugene,Rodriguez,Texas
75,Ryan,Morris,Indiana
76,Marilyn,Ward,Wisconsin
77,Charles,Scott,New York
78,Edward,Myers,California
79,Sarah,Wright,Michigan
80,Peter,Young,California
81,Barbara,Thompson,Illinois
82,Jack,Ortiz,Missouri
83,Kimberly,Lopez,North Carolina
84,Emily,Edwards,Georgia
85,Gabriel,Sanders,Louisiana
86,Teresa,Howard,Alaska
87,Emily,Ramos,California
88,Robert,Stewart,Montana
89,Carolyn,Hughes,Ohio
90,William,Williams,Maryland
91,Bruce,Martinez,Washington
92,Sarah,Sanders,Ohio
93,Samantha,Moore,Texas
94,Karen,Edwards,Tennessee
95,Jack,Patel,California
96,Russell,Patel,Kentucky
97,Kimberly,Baker,Georgia
98,Nancy,Mendoza,Washington
99,Karen,Turner,North Dakota
100,Linda,Murphy,Missouri
101,Patricia,Richardson,South Carolina
102,Heather,Carter,Missouri
103,Patricia,Cox,Texas
104,Christopher,Lopez,Minnesota
105,Sandra,Allen,Idaho
106,Henry,Sanders,Georgia
107,Diane,Patel,Louisiana
108,Lawrence,Collins,Virginia
109,Kyle,Cooper,Texas
110,Roger,Long,Massachusetts
111,Linda,Flores,Maryland
112,Daniel,Morris,California
113,Ryan,Hughes,Texas
114,Jacqueline,Jimenez,Wisconsin
115,Gabriel,Morales,Pennsylvania
116,John,Mitchell,Ohio
117,Paul,Gray,Wisconsin
118,Stephanie,Gutierrez,Florida
119,Debra,James,South Dakota
120,Joan,Murphy,New Hampshire
121,Kathleen,Adams,Michigan
122,Logan,Allen,New York
123,Bruce,Parker,Nevada
124,Stephanie,Ramirez,North Carolina
125,Jeffrey,Howard,Rhode Island
126,Samantha,Clark,Florida
127,Andrew,Murphy,Georgia
128,David,Alvarez,California
129,Stephen,Perez,Texas
130,Evelyn,Stewart,Illinois
131,Jason,Evans,North Carolina
132,Billy,Gutierrez,Arizona
133,Alan,Green,Oregon
134,Grace,Edwards,Ohio
135,Karen,Jones,Illinois
136,Judy,Garcia,Alabama
137,Brittany,Scott,Missouri
138,Raymond,Flores,South Carolina
139,Austin,Williams,Minnesota
140,Andrew,Phillips,Virginia
141,Timothy,Brown,Utah
142,Jonathan,Walker,Iowa
143,Paul,Miller,Colorado
144,Sandra,Edwards,Texas
145,Denise,Morgan,South Carolina
146,Amber,Mitchell,Vermont
147,Karen,Mendoza,New York
148,Stephanie,Stewart,Pennsylvania
149,Amanda,Alvarez,California
150,Walter,Morgan,Oregon
151,Elizabeth,Thompson,New York
152,Anna,Jimenez,Georgia
153,Carl,Hughes,Alaska
154,Teresa,Cook,Wisconsin
155,Kenneth,Gomez,Kansas
156,Natalie,Lewis,Texas
157,Victoria,Castillo,North Carolina
158,Kimberly,Edwards,Virginia
159,Ronald,Watson,Hawaii
160,Mary,Carter,Tennessee
161,Janice,Wood,Idaho
162,Keith,Baker,Washington
163,Katherine,Wood,New York
164,Betty,Castillo,Nebraska
165,Albert,Alvarez,Texas
166,Jason,Young,Maine
167,Diane,Lopez,Ohio
168,Sara,Adams,Pennsylvania
169,Charlotte,Williams,Georgia
170,Martha,Hernandez,California
171,Nathan,Baker,Tennessee
172,Kelly,Foster,Illinois
173,Jeremy,Brown,New York
174,Thomas,Diaz,Nevada
175,William,Thompson,Tennessee
176,Christine,Mendoza,Iowa
177,Emily,Stewart,Florida
178,Roger,Castillo,Massachusetts
179,Isabella,Ruiz,Virginia
180,Harold,Howard,Alaska
181,Wayne,Lopez,Utah
182,Jeffrey,Cruz,Massachusetts
183,Kathryn,Nguyen,Mississippi
184,Vincent,Bailey,Minnesota
185,Kevin,Gutierrez,Massachusetts
186,Kathryn,Allen,Ohio
187,Beverly,Carter,Vermont
188,Joe,Clark,Ohio
189,Paul,Cooper,Massachusetts
190,Anna,Kelly,Arizona
191,Stephanie,Evans,Tennessee
192,Sandra,Cook,California
193,Bryan,Carter,California
194,Sara,Garcia,Massachusetts
195,Aaron,Cooper,Nevada
196,Austin,Thomas,Arizona
197,Lisa,Ruiz,Florida
198,Thomas,Morgan,Virginia
199,Victoria,Phillips,Illinois
200,Amy,Stewart,Arizona
201,Steven,Baker,New Jersey
202,Andrea,Ortiz,Ohio
203,Margaret,Harris,New Jersey
204,Jordan,Brown,Delaware
205,Eric,Taylor,Kentucky
206,Jennifer,Jones,New York
207,Michelle,Robinson,California
208,Theresa,Torres,Ohio
209,Marie,Rivera,Pennsylvania
210,Jordan,Murphy,Texas
211,Jacqueline,Sanders,Missouri
212,Ashley,Rogers,Colorado
213,Nicholas,Alvarez,New York
214,Natalie,Ortiz,Idaho
215,Lauren,Williams,North Carolina
216,Bruce,Evans,Mississippi
217,Ann,Ward,Florida
218,Sara,Clark,Nebraska
219,Denise,Morgan,Minnesota
220,Sharon,Ortiz,New York
221,Carl,Ward,Maryland
222,Andrew,Robinson,Rhode Island
223,Alexis,Watson,Arkansas
224,Alexander,White,Ohio
225,Bryan,Green,New Hampshire
226,Deborah,Ramirez,Iowa
227,Deborah,Gonzalez,Florida
228,Kathleen,Taylor,Oklahoma
229,Daniel,King,North Carolina
230,Matthew,Parker,Mississippi
231,Kelly,Cooper,Nevada
232,Ralph,Taylor,New York
233,Joyce,Watson,Louisiana
234,Robert,Gonzalez,New York
235,Janice,Mendoza,Georgia
236,Patrick,Anderson,Kentucky
237,Martha,Brooks,Utah
238,Debra,Cook,Louisiana
239,Timothy,Martinez,Washington
240,Margaret,Brown,California
241,Frances,Ward,Massachusetts
242,Janice,Morris,Florida
243,Timothy,White,Texas
244,Edward,Thompson,Kansas
245,Kenneth,Torres,Delaware
246,Alan,Gonzalez,Missouri
247,Jessica,Moore,Alaska
248,Juan,Reyes,Texas
249,Matthew,Adams,Michigan
250,Megan,Diaz,Massachusetts
251,Raymond,Parker,New York
252,Julia,Mitchell,California
253,Bruce,Hughes,California
254,Stephanie,White,Michigan
255,Zachary,Campbell,Oklahoma
256,Jack,Phillips,Rhode Island
257,Deborah,Cox,Florida
258,Matthew,Rogers,Nevada
259,Patricia,Adams,New Hampshire
260,Nancy,Price,Idaho
261,Denise,Phillips,Indiana
262,Julia,Harris,Arizona
263,Abigail,Baker,Arkansas
264,Eric,Scott,Montana
265,Sandra,Myers,Connecticut
266,Kenneth,Phillips,Florida
267,Gregory,Morgan,Louisiana
268,Jack,Foster,New Jersey
269,George,Phillips,New York
270,Eugene,White,Texas
271,Debra,Hill,Washington
272,Betty,Johnson,Hawaii
273,Carolyn,Brooks,Maine
274,Grace,Miller,New York
275,Anna,Bennett,Ohio
276,Frank,Ramirez,South Carolina
277,Joyce,Reed,Florida
278,Gerald,Martinez,North Carolina
279,Gloria,Murphy,Minnesota
280,Jason,Hughes,Texas
281,Julie,Kelly,California
282,Sandra,Ward,Texas
283,Alexis,Walker,Pennsylvania
284,Joan,Phillips,Arizona
285,Richard,Ross,New York
286,Doris,Carter,California
287,Betty,King,Pennsylvania
288,Stephen,Baker,Tennessee
289,Carl,Rogers,New Jersey
290,Teresa,Reed,Kansas
291,Betty,Brooks,Virginia
292,Doris,Martinez,Tennessee
293,Dylan,Bennett,Utah
294,Barbara,Roberts,South Dakota
295,Kenneth,Roberts,Washington
296,Carol,Murphy,Tennessee
297,Joe,Kim,California
298,Christina,Murphy,New Jersey
299,Larry,Ortiz,Michigan
300,Julia,Flores,North Carolina
301,Ann,Torres,Washington
302,Marilyn,Wright,Indiana
303,Larry,James,Oregon
304,Lori,Nguyen,California
305,Patricia,Foster,Pennsylvania
306,Abigail,Garcia,Minnesota
307,Kenneth,Evans,Connecticut
308,Theresa,Roberts,California
309,Benjamin,Myers,Michigan
310,Richard,Howard,Oregon
311,Samantha,Martinez,Nevada
312,Laura,Diaz,Oregon
313,Ethan,Allen,Connecticut
314,Gary,Garcia,Massachusetts
315,Betty,Castillo,Montana
316,Megan,Jackson,Vermont
317,Gary,Cox,Kentucky
318,Sandra,Miller,Colorado
319,Henry,Collins,Texas
320,Edward,Miller,Georgia
321,Ann,Martin,Texas
322,Janet,Cruz,Florida
323,Logan,Turner,Virginia
324,Julia,King,Minnesota
325,Abigail,Mendoza,New Jersey
326,Janet,Jimenez,Connecticut
327,Ann,Moore,Alaska
328,Justin,Sanders,Texas
329,Kathleen,Morris,Texas
330,Keith,Flores,Iowa
331,Martha,Richardson,Kansas
332,Carolyn,Scott,Illinois
333,Joe,Mendoza,Oregon
334,Austin,Hughes,Maryland
335,Timothy,Brooks,Illinois
336,Kathleen,Harris,Alaska
337,Amy,Cook,South Carolina
338,Ronald,Mendoza,California
339,Billy,Davis,California
340,Anna,King,New Jersey
341,Michael,Richardson,California
342,Anthony,Lewis,Tennessee
343,Brenda,Martinez,Connecticut
344,Daniel,Gray,Florida
345,Terry,Walker,Colorado
346,Maria,Morris,Washington
347,Raymond,Clark,Georgia
348,Debra,Murphy,Connecticut
349,Andrew,Martinez,Nevada
350,Donald,Edwards,Arkansas
351,Grace,Foster,Utah
352,Jason,Cruz,New Jersey
353,Lori,King,North Carolina
354,Joshua,Mitchell,Florida
355,Marilyn,Kim,Ohio
356,Justin,Peterson,Utah
357,Lori,White,New Jersey
358,Marilyn,Mitchell,Missouri
359,Matthew,Reyes,Idaho
360,Samuel,Hernandez,Tennessee
361,Nancy,Parker,Indiana
362,Janice,Morales,Arkansas
363,Theresa,Reyes,Ohio
364,John,Martinez,Ohio
365,Jason,James,Wisconsin
366,Christopher,Ruiz,Ohio
367,Harold,Castillo,Utah
368,Diana,Adams,Illinois
369,Paul,Lewis,Georgia
370,Gabriel,Castillo,Ohio
371,Janet,Thomas,Ohio
372,Brittany,Cruz,Indiana
373,Dylan,Mendoza,Montana
374,Brenda,Cruz,Massachusetts
375,Brandon,Collins,Ohio
376,Jeffrey,Phillips,Wyoming
377,Vincent,Gutierrez,Pennsylvania
378,Nancy,Campbell,Mississippi
379,Janet,Brown,North Carolina
380,Isabella,Gomez,Missouri
381,Diane,Harris,Oklahoma
382,Austin,Mitchell,Nevada
383,Diane,Cooper,Florida
384,Alice,Reed,Florida
385,Amanda,Lopez,Utah
386,Zachary,Torres,Arkansas
387,Jennifer,Lewis,Massachusetts
388,Joseph,Cooper,Florida
389,Janice,Nguyen,Wyoming
390,Jennifer,Wood,Kansas
391,Adam,Rodriguez,Missouri
392,Madison,Flores,Iowa
393,Madison,Hernandez,Georgia
394,Christopher,Scott,Oklahoma
395,Anthony,Green,Texas
396,Michael,Brooks,South Carolina
397,Paul,Gonzalez,Connecticut
398,Willie,Diaz,Pennsylvania
399,Randy,Lewis,Arizona
400,Teresa,Baker,Utah
401,Judith,Gomez,Georgia
402,Frank,Nelson,Alabama
403,Andrew,Murphy,Arizona
404,Sara,Castillo,Texas
405,Brittany,Richardson,Rhode Island
406,Barbara,Evans,Connecticut
407,Logan,Hall,New Mexico
408,James,Carter,Mississippi
409,Daniel,Reyes,Vermont
410,Carl,Brooks,California
411,Noah,Campbell,Kentucky
412,John,Anderson,New Jersey
413,Kelly,Jackson,Pennsylvania
414,Alexis,Lee,Minnesota
415,Dennis,Mendoza,Florida
416,Samuel,Clark,North Carolina
417,Adam,Ortiz,Illinois
418,Stephen,Davis,Washington
419,Brandon,Sanders,Texas
420,Nicole,Chavez,Florida
421,Amanda,Davis,Connecticut
422,Judith,Williams,Missouri
423,Cheryl,Jones,Ohio
424,Margaret,Sanchez,Florida
425,Carolyn,Ramirez,Maryland
426,Jacob,Kim,Oregon
427,Walter,Kim,Massachusetts
428,Laura,Cruz,Florida
429,Brenda,Phillips,Florida
430,Helen,Watson,Tennessee
431,Terry,Morris,New Mexico
432,Eric,Morales,Hawaii
433,Joyce,Baker,South Carolina
434,Terry,Foster,Vermont
435,Lisa,Morris,Nebraska
436,Jeffrey,Phillips,California
437,Sharon,Moore,Nevada
438,Jerry,Ortiz,Nevada
439,Roger,Jimenez,Illinois
440,Joseph,James,Delaware
441,Jacob,Johnson,West Virginia
442,Walter,Mitchell,Virginia
443,Amy,Alvarez,New Jersey
444,Judy,Lee,New Jersey
445,Kenneth,Foster,Ohio
446,Donna,King,Montana
447,Roger,Taylor,Minnesota
448,Alexis,Richardson,Illinois
449,Roger,Morgan,California
450,Joshua,Kelly,Utah
451,Amanda,Smith,New York
452,Joshua,Taylor,Texas
453,Raymond,Wright,Wisconsin
454,Charlotte,Ortiz,Texas
455,Ethan,Ruiz,Washington
456,Nancy,Myers,Maryland
457,Madison,Cook,Ohio
458,Robert,Harris,New Jersey
459,Deborah,Mendoza,Texas
460,Nathan,Clark,California
461,Madison,Evans,Massachusetts
462,Harold,Lee,Alaska
463,Helen,Green,Ohio
464,Joyce,Martinez,Indiana
465,Brandon,Reyes,Alabama
466,Charlotte,Rodriguez,North Carolina
467,Karen,Mendoza,Florida
468,Margaret,Bennett,Michigan
469,Isabella,Reyes,Connecticut
470,Ashley,Wood,Virginia
471,Patricia,Carter,Oregon
472,Brittany,Stewart,Pennsylvania
473,Emma,Reed,Texas
474,Judith,Foster,California
475,Eugene,Clark,Maine
476,Sophia,Martin,Illinois
477,Billy,Carter,South Dakota
478,Carl,Myers,Ohio
479,Frank,Long,Michigan
480,Sean,Bennett,Texas
481,Angela,Harris,New York
482,Dennis,Sanders,Texas
483,Gregory,Flores,North Dakota
484,Stephen,Reed,Washington
485,Marie,Brooks,Georgia
486,Peter,Carter,Texas
487,Anthony,Jackson,Colorado
488,Matthew,Taylor,Alabama
489,Denise,Price,Florida
490,George,Harris,Michigan
491,Elizabeth,Reyes,Maryland
492,Ralph,Lopez,Texas
493,Ryan,Jones,Florida
494,Ashley,Parker,Michigan
495,Charles,Baker,Rhode Island
496,Christina,Rogers,Florida
497,Doris,Clark,Utah
498,Donna,Ruiz,North Carolina
499,Cheryl,Nelson,Rhode Island
500,Victoria,Richardson,California
501,Vincent,Phillips,Wisconsin
502,Natalie,Green,Iowa
503,Gary,James,Wisconsin
504,Ann,Williams,Pennsylvania
505,Gregory,Harris,Georgia
506,Brandon,Wood,Virginia
507,Margaret,Bailey,North Carolina
508,Edward,Rogers,Georgia
509,Emma,Wilson,Wisconsin
510,Randy,Lee,Pennsylvania
511,Sara,Hill,Tennessee
512,Cynthia,Rivera,Wisconsin
513,Keith,Rogers,Florida
514,Arthur,Alvarez,New York
515,Roger,Alvarez,Kentucky
516,Ronald,Reed,North Dakota
517,Michael,Watson,South Carolina
518,Ronald,Jimenez,Texas
519,Andrew,Young,Washington
520,Jean,Turner,Kentucky
521,Christine,Nelson,Texas
522,Patrick,Wright,Washington
523,Ashley,Edwards,Oklahoma
524,Andrew,Walker,Maine
525,Janice,Cooper,Tennessee
526,Kathryn,Rodriguez,Indiana
527,Shirley,Perez,Montana
528,Elijah,Nelson,Maryland
529,Donna,Thomas,South Dakota
530,James,Torres,Louisiana
531,Janet,Walker,Utah
532,Arthur,Campbell,Mississippi
533,Kevin,White,Maryland
534,Terry,Martinez,Virginia
535,William,Phillips,Florida
536,Gabriel,Moore,Ohio
537,Beverly,Patel,Montana
538,Heather,Ward,Maryland
539,Amber,Ross,California
540,Kenneth,Sanchez,Michigan
541,Megan,Jones,Florida
542,Ann,Roberts,Texas
543,Janice,Phillips,Florida
544,Frank,Gutierrez,Texas
545,Shirley,Young,Indiana
546,Christine,Miller,Minnesota
547,Elizabeth,Castillo,Alabama
548,Donna,Phillips,Vermont
549,Jacqueline,Kim,Texas
550,Walter,Hall,Michigan
551,Grace,Ruiz,Indiana
552,Jose,Long,Illinois
553,Jeremy,Reyes,Kansas
554,Wayne,Evans,Mississippi
555,Lauren,Thomas,Indiana
556,Sandra,Ortiz,Georgia
557,Noah,Gutierrez,New Jersey
558,Kelly,Brown,Ohio
559,Susan,Nguyen,Oregon
560,Sophia,Parker,Oklahoma
561,Dennis,Kim,Ohio
562,Brandon,Ramos,Idaho
563,Sarah,Young,Texas
564,Peter,Young,Arizona
565,Julie,Miller,Washington
566,Diana,Wilson,Massachusetts
567,Kathleen,Cooper,Ohio
568,Gabriel,Gomez,North Dakota
569,Jacob,Rodriguez,Montana
570,Kayla,Bennett,North Carolina
571,Madison,Turner,Indiana
572,Kevin,Lewis,South Carolina
573,Lori,Turner,Indiana
574,Ashley,Martinez,Texas
575,Teresa,Taylor,Texas
576,Sara,Kelly,Alaska
577,Zachary,Smith,Illinois
578,Gary,Sanders,Ohio
579,Michael,Adams,Florida
580,Thomas,Cruz,New Hampshire
581,Evelyn,Ortiz,Michigan
582,Paul,Rivera,Louisiana
583,Abigail,Robinson,California
584,Brandon,Brown,Virginia
585,Benjamin,Flores,Ohio
586,Jacqueline,Jackson,South Dakota
587,Walter,Clark,New York
588,Emma,Ruiz,New Hampshire
589,Jessica,Sanchez,Ohio
590,Raymond,Stewart,California
591,Brian,Brooks,Idaho
592,Roy,Bailey,New York
593,Gerald,Watson,Pennsylvania
594,Deborah,Miller,South Carolina
595,Margaret,Flores,Oregon
596,Benjamin,Scott,West Virginia
597,Kelly,Alvarez,Idaho
598,Andrew,Nelson,Kentucky
599,Joan,Turner,Texas
600,Carol,Lewis,Nebraska
601,Brandon,Thomas,Kentucky
602,Wayne,Sanchez,Illinois
603,George,Castillo,Pennsylvania
604,Keith,Bennett,Illinois
605,Anna,Mitchell,Nevada
606,Danielle,Ortiz,Hawaii
607,Sandra,Ramos,Massachusetts
608,Ryan,Hill,New Hampshire
609,George,Bennett,New York
610,Stephen,Taylor,Minnesota
611,Logan,Lopez,Washington
612,Karen,Cruz,Rhode Island
613,Ann,Martinez,Massachusetts
614,Barbara,Smith,Maryland
615,Jesse,Torres,Tennessee
616,Nicholas,Diaz,Nevada
617,Janice,Lopez,Florida
618,Larry,Long,New York
619,Gary,Thompson,Illinois
620,Kayla,Peterson,California
621,Melissa,Martin,New Hampshire
622,William,Richardson,Washington
623,Abigail,Roberts,California
624,Jacqueline,Davis,Florida
625,Thomas,Bailey,Iowa
626,Doris,Campbell,Ohio
627,Gabriel,Morris,Iowa
628,William,Gutierrez,Illinois
629,Martha,Brooks,Louisiana
630,Teresa,Myers,Alaska
631,Gerald,Thompson,Maryland
632,Kevin,Anderson,Wisconsin
633,Lauren,Walker,Alabama
634,Nathan,Peterson,Utah
635,Angela,Alvarez,Nevada
636,Eugene,Walker,Pennsylvania
637,Hannah,Cooper,New York
638,Lawrence,Cox,Arizona
639,Eric,Jones,New York
640,Dylan,Alvarez,California
641,Arthur,Edwards,West Virginia
642,George,Adams,Florida
643,Judy,Williams,Wisconsin
644,Jacqueline,Parker,Arizona
645,Joan,Castillo,Pennsylvania
646,Linda,Martinez,Texas
647,Amanda,Reed,Minnesota
648,Madison,Howard,Nevada
649,Eugene,Walker,Colorado
650,Donna,Miller,Ohio
651,Adam,Garcia,Kentucky
652,Benjamin,Richardson,Oklahoma
653,Noah,Jimenez,Pennsylvania
654,Jesse,Murphy,Texas
655,Willie,Rogers,Florida
656,Dennis,Allen,Pennsylvania
657,Kenneth,Murphy,Louisiana
658,Gabriel,Kim,Iowa
659,Zachary,Davis,Ohio
660,Victoria,Reyes,North Carolina
661,Roy,Ramirez,Kentucky
662,David,Taylor,Arizona
663,Julia,Moore,Florida
664,Elijah,Collins,Massachusetts
665,Elijah,Garcia,California
666,Kathleen,Evans,Hawaii
667,Noah,Jackson,Texas
668,Tyler,Bailey,Ohio
669,Walter,Diaz,South Dakota
670,Karen,Jones,Louisiana
671,Charlotte,Ross,Oklahoma
672,Joe,Robinson,Illinois
673,Nicholas,Thomas,Tennessee
674,Kathleen,Turner,Washington
675,Daniel,Robinson,North Carolina
676,Helen,Baker,Alaska
677,Joe,Ramirez,California
678,Dorothy,Phillips,Missouri
679,Willie,Davis,Oklahoma
680,Debra,Reed,Louisiana
681,Alice,Thompson,Washington
682,Tyler,Ramirez,North Carolina
683,Dennis,Miller,New York
684,Kelly,Hall,Pennsylvania
685,Melissa,Peterson,Nevada
686,Dorothy,Morris,New York
687,Aaron,Ramirez,Maryland
688,Megan,Ross,Ohio
689,Walter,Edwards,Arizona
690,Billy,Gray,Florida
691,Jeremy,Clark,Tennessee
692,Jerry,Turner,Texas
693,Richard,Ruiz,Illinois
694,Patrick,Scott,Colorado
695,Robert,Gutierrez,Florida
696,Alexis,King,Massachusetts
697,Tyler,Reed,Delaware
698,Willie,Alvarez,New York
699,Jonathan,Wilson,North Carolina
700,Joseph,Martin,Oklahoma
701,Patrick,Moore,Utah
702,Kathleen,Castillo,Kansas
703,Donald,Williams,Ohio
704,Jerry,Edwards,Texas
705,Heather,Adams,Pennsylvania
706,Roger,Bennett,California
707,Nicole,Gomez,Wisconsin
708,Kathleen,Morales,California
709,Timothy,Martin,Massachusetts
710,Dylan,Taylor,California
711,Rebecca,Flores,Michigan
712,Adam,Morris,Tennessee
713,Diana,Moore,Massachusetts
714,Ralph,Peterson,Pennsylvania
715,Benjamin,Castillo,Virginia
716,Logan,Carter,Florida
717,Edward,Scott,Tennessee
718,Randy,Edwards,Michigan
719,Andrew,Roberts,Massachusetts
720,Carolyn,Lewis,Texas
721,Justin,Mitchell,Georgia
722,Joe,Ramirez,Florida
723,David,Brown,Connecticut
724,Denise,Morris,Indiana
725,John,Ross,Connecticut
726,Scott,James,Alabama
727,Sarah,Ramirez,Indiana
728,Wayne,Rivera,Alabama
729,Ashley,Jimenez,West Virginia
730,Maria,Walker,Iowa
731,Denise,King,Texas
732,Christina,Thomas,Michigan
733,Harold,Davis,Arizona
734,Jerry,Nelson,Illinois
735,Jacqueline,Price,Illinois
736,Jeffrey,Lee,Delaware
737,Joyce,Sanchez,Washington
738,Kevin,Hall,Alabama
739,Randy,Walker,Massachusetts
740,Lisa,Myers,Georgia
741,Adam,Martin,Washington
742,Abigail,Allen,Kentucky
743,Frances,Flores,Kentucky
744,Jennifer,Gomez,Texas
745,Janet,Rodriguez,Montana
746,Joyce,Wright,California
747,Dennis,Murphy,Kansas
748,Abigail,Hill,Washington
749,Eugene,Adams,Hawaii
750,Nicholas,Martinez,California
751,Elizabeth,Hall,Ohio
752,Maria,Reed,Ohio
753,Shirley,Bennett,Hawaii
754,Melissa,Chavez,Washington
755,Jerry,Ward,Georgia
756,Patrick,Brown,Missouri
757,Brittany,Ramirez,Utah
758,Karen,Watson,California
759,Jordan,Cooper,Michigan
760,Joe,Turner,California
761,Stephen,Rodriguez,Mississippi
762,Kyle,Edwards,North Carolina
763,Jerry,Jones,Nevada
764,Andrew,Mendoza,Arizona
765,Anna,Flores,Arizona
766,Patrick,Stewart,California
767,Joshua,Cox,New York
768,Anna,Robinson,Pennsylvania
769,Juan,Lewis,Pennsylvania
770,Teresa,Smith,Delaware
771,Madison,Gomez,California
772,Kathleen,Peterson,Arizona
773,Willie,Ross,Tennessee
774,Christopher,Richardson,Mississippi
775,Kathryn,Ruiz,Nevada
776,Christine,King,Georgia
777,Anthony,Williams,Ohio
778,Charlotte,Clark,Kentucky
779,Julie,Mendoza,Florida
780,Deborah,Lee,Florida
781,Christine,Richardson,Louisiana
782,Hannah,Reed,Illinois
783,Jack,Turner,Illinois
784,Janet,Myers,Alabama
785,Gerald,Murphy,Pennsylvania
786,Doris,Young,North Carolina
787,Katherine,Price,Florida
788,Gloria,Patel,Texas
789,Thomas,Rodriguez,Arkansas
790,Anthony,Price,Ohio
791,Mark,Edwards,Massachusetts
792,Isabella,Morris,California
793,Dorothy,Richardson,Nebraska
794,Victoria,Morris,California
795,Alexander,Allen,Michigan
796,Martha,Patel,Nevada
797,Diana,Gomez,Pennsylvania
798,Charlotte,Brooks,Pennsylvania
799,Jack,Alvarez,Louisiana
800,Katherine,White,Georgia
801,Edward,Reed,Mississippi
802,Kimberly,Reed,New Jersey
803,Albert,Price,Texas
804,Grace,Patel,Mississippi
805,Jonathan,Lee,Texas
806,Stephanie,Carter,Colorado
807,Beverly,Nguyen,New York
808,Willie,White,California
809,Walter,Howard,Louisiana
810,Andrew,Wright,Louisiana
811,Anna,Turner,Pennsylvania
812,Denise,Bennett,Michigan
813,Jerry,Gray,Florida
814,Richard,Lee,Oregon
815,Donald,Garcia,New York
816,Pamela,Rivera,Oklahoma
817,Sara,Thomas,Michigan
818,Gregory,Brown,Mississippi
819,Carl,Morris,Florida
820,Maria,Rodriguez,Ohio
821,Nathan,Wood,Illinois
822,Laura,Gomez,Oregon
823,Jordan,Evans,Utah
824,Paul,Kelly,North Carolina
825,Alan,Ruiz,New York
826,Madison,Torres,Nevada
827,Donna,Cruz,Florida
828,Margaret,Bailey,South Dakota
829,Nicholas,Morales,New Jersey
830,Donald,Martin,Ohio
831,Robert,Wright,Indiana
832,Janice,Jackson,Illinois
833,Billy,Phillips,Illinois
834,Samuel,Robinson,Texas
835,Cheryl,Sanchez,North Carolina
836,Frances,King,Indiana
837,Susan,Martin,California
838,Mary,Ross,Ohio
839,Beverly,Hernandez,California
840,George,Baker,Washington
841,Emily,Sanchez,West Virginia
842,Jose,Morris,California
843,Henry,Hall,Arkansas
844,Kathryn,Gomez,Indiana
845,Joseph,Ramirez,Tennessee
846,Sophia,James,Mississippi
847,Grace,Allen,Illinois
848,Timothy,Nguyen,Nebraska
849,Amy,Cruz,Missouri
850,Marie,Miller,Florida
851,Michael,Perez,Tennessee
852,Donald,Gray,Texas
853,Anna,Rivera,California
854,Sean,Flores,California
855,Gloria,Reyes,California
856,Rebecca,Rodriguez,Vermont
857,Janet,Johnson,Utah
858,Noah,King,Arkansas
859,Gary,Patel,Arizona
860,Aaron,Flores,Nevada
861,Gerald,Bennett,Utah
862,Betty,Morris,Michigan
863,Ralph,Evans,Pennsylvania
864,Grace,Brown,California
865,Jean,Jackson,New York
866,Samuel,Roberts,Oregon
867,Jack,Cook,South Carolina
868,Stephen,Campbell,Colorado
869,Amber,Edwards,Georgia
870,Helen,Scott,California
871,Marilyn,Adams,Maryland
872,Matthew,King,Georgia
873,Jason,Patel,Florida
874,Jason,Miller,Connecticut
875,Kimberly,Cooper,Ohio
876,Juan,Clark,Florida
877,Alexander,Wilson,Florida
878,Paul,Mitchell,Georgia
879,George,Parker,California
880,John,Phillips,Arizona
881,Susan,Phillips,Texas
882,Samuel,Morgan,Kansas
883,Edward,Williams,Idaho
884,Brian,Adams,California
885,Jesse,Wilson,Missouri
886,Samuel,Parker,Washington
887,Jeffrey,Murphy,Michigan
888,Ralph,Thompson,Arkansas
889,Anna,Rodriguez,Alabama
890,Diane,Adams,Idaho
891,George,Jimenez,Georgia
892,Noah,Johnson,Florida
893,Vincent,Brooks,South Carolina
894,Dennis,Chavez,California
895,Jason,Ward,Wisconsin
896,Alexander,Cruz,New Mexico
897,Randy,Watson,New Jersey
898,Martha,Reed,Delaware
899,Sandra,Thomas,Kansas
900,Alexis,Ruiz,Connecticut
