inventory_id,product_id,stock,warehouse_id,last_stock_date
1,1,65,1,2023-09-20
2,2,56,2,2023-12-05
3,3,7,1,2022-10-03
4,4,95,5,2023-10-10
5,5,30,3,2024-03-07
6,6,88,5,2022-03-23
7,7,58,2,2024-01-09
8,8,8,1,2023-11-27
9,9,5,5,2022-06-28
10,10,18,2,2023-08-27
11,11,38,1,2022-07-21
12,12,16,4,2024-02-28
13,13,63,1,2022-08-07
14,14,42,3,2023-07-17
15,15,59,1,2022-11-11
16,16,100,1,2023-05-14
17,17,71,1,2022-01-02
18,18,34,2,2022-08-07
19,19,33,1,2022-10-15
20,20,32,3,2024-04-29
21,21,8,3,2022-11-07
22,22,19,4,2022-11-02
23,23,33,3,2023-08-06
24,24,91,1,2024-06-13
25,25,88,1,2022-06-02
26,26,83,1,2023-04-01
28,28,40,1,2022-07-03
29,29,43,1,2022-02-24
30,30,19,1,2023-06-07
31,31,12,4,2024-06-21
32,32,47,5,2022-09-14
33,33,59,5,2023-04-30
34,34,10,3,2022-11-22
35,35,93,2,2022-02-08
36,36,11,3,2023-07-03
37,37,45,3,2024-05-12
38,38,23,4,2024-02-16
39,39,98,4,2023-05-29
40,40,47,1,2023-06-02
41,41,21,4,2024-04-13
42,42,54,1,2022-11-30
43,43,58,1,2022-01-10
44,44,44,3,2023-09-21
45,45,26,1,2022-07-10
46,46,72,3,2023-05-03
47,47,40,2,2022-03-26
48,48,45,1,2022-01-26
49,49,59,5,2023-01-06
50,50,100,3,2024-02-11
51,51,20,2,2023-01-04
52,52,99,2,2022-02-16
53,53,73,4,2023-06-09
54,54,16,1,2024-01-14
55,55,82,3,2023-05-28
56,56,81,1,2023-01-22
57,57,19,1,2023-06-22
58,58,99,1,2022-10-29
59,59,49,4,2022-05-05
60,60,31,3,2022-12-09
61,61,33,5,2024-04-09
62,62,54,1,2022-07-30
63,63,72,2,2022-01-07
64,64,41,5,2023-02-28
65,65,22,2,2022-11-17
66,66,70,4,2023-03-11
67,67,100,3,2023-04-13
68,68,47,1,2023-07-05
69,69,31,1,2024-03-25
70,70,76,1,2022-02-04
71,71,28,4,2022-12-10
72,72,80,3,2023-10-15
73,73,88,1,2023-11-03
74,74,95,1,2023-02-12
75,75,40,5,2022-11-13
76,76,6,5,2023-03-08
77,77,40,4,2023-06-14
78,78,50,1,2022-03-04
79,79,49,2,2023-01-26
80,80,7,3,2024-02-12
81,81,66,1,2023-03-03
82,82,9,2,2023-06-16
83,83,76,1,2023-03-27
84,84,64,4,2023-04-17
85,85,8,1,2024-01-26
86,86,40,2,2022-01-10
87,87,21,1,2022-08-01
88,88,60,1,2023-01-31
89,89,80,1,2023-03-28
90,90,13,3,2022-11-30
91,91,75,4,2023-07-22
92,92,88,4,2022-08-27
93,93,54,2,2022-09-09
94,94,90,3,2023-05-28
95,95,94,5,2024-05-02
96,96,94,2,2023-03-21
97,97,12,1,2023-08-07
98,98,12,1,2023-04-30
99,99,40,5,2022-07-07
100,100,66,2,2023-06-26
101,101,98,1,2022-11-17
102,102,17,1,2023-10-02
103,103,75,4,2023-04-10
104,104,77,5,2022-05-13
105,105,51,3,2023-09-09
106,106,73,3,2022-03-21
107,107,18,3,2022-04-02
108,108,27,1,2023-05-09
109,109,71,2,2024-02-27
110,110,94,1,2022-01-28
111,111,20,1,2024-01-27
112,112,63,1,2023-11-29
113,113,6,5,2023-10-25
114,114,17,4,2023-04-22
115,115,87,5,2024-06-26
116,116,10,4,2023-04-08
117,117,84,1,2023-06-08
118,118,32,3,2024-06-26
119,119,59,3,2022-06-12
120,120,14,5,2023-01-27
121,121,61,1,2023-06-28
122,122,56,1,2022-07-26
123,123,46,1,2023-09-28
124,124,68,2,2022-08-27
125,125,27,5,2024-02-09
126,126,74,1,2024-05-22
127,127,12,3,2024-04-27
128,128,46,1,2022-05-19
129,129,32,3,2022-06-08
130,130,88,1,2023-10-23
131,131,50,3,2022-09-25
132,132,75,2,2022-05-07
133,133,43,3,2023-03-19
134,134,58,1,2023-04-22
135,135,26,2,2023-11-01
136,136,82,1,2022-04-29
137,137,80,1,2022-08-31
138,138,76,3,2022-08-08
139,139,94,1,2022-12-20
140,140,73,4,2023-01-15
141,141,71,3,2022-06-20
142,142,40,4,2024-04-10
143,143,99,1,2022-03-24
144,144,51,1,2023-03-26
145,145,84,1,2024-02-23
146,146,72,4,2022-04-25
147,147,78,2,2022-06-03
148,148,72,2,2024-04-01
149,149,7,1,2023-09-26
150,150,42,1,2023-09-02
151,151,54,2,2024-02-20
152,152,16,2,2023-08-20
153,153,20,1,2023-04-10
154,154,75,1,2023-03-29
155,155,7,5,2024-04-18
156,156,46,1,2024-04-09
157,157,97,1,2022-04-20
158,158,60,1,2023-07-23
159,159,12,5,2022-06-16
160,160,60,1,2022-10-10
161,161,35,1,2023-05-12
162,162,22,4,2024-01-23
163,163,86,4,2024-05-10
164,164,99,5,2023-03-26
165,165,75,5,2023-07-30
166,166,48,4,2022-12-09
167,167,93,4,2024-01-07
168,168,6,2,2023-05-31
169,169,38,3,2022-07-08
170,170,53,1,2023-10-11
171,171,60,4,2023-10-26
172,172,62,1,2022-02-17
173,173,70,3,2024-06-14
174,174,83,4,2023-10-16
175,175,30,1,2022-12-15
176,176,93,2,2022-10-30
177,177,23,3,2022-12-07
179,179,11,4,2023-07-21
180,180,35,3,2022-02-28
181,181,15,5,2022-03-30
182,182,6,4,2022-05-28
183,183,11,2,2022-05-28
184,184,47,2,2023-07-10
185,185,19,1,2022-10-12
186,186,15,4,2023-05-23
187,187,54,5,2024-01-01
188,188,25,1,2022-03-14
189,189,15,4,2023-10-13
190,190,52,1,2022-06-13
191,191,84,3,2022-02-06
192,192,54,2,2023-02-07
193,193,15,2,2023-08-08
194,194,40,2,2022-06-27
195,195,68,1,2024-06-25
196,196,5,1,2023-11-11
197,197,56,2,2023-12-18
198,198,45,2,2023-12-27
199,199,69,2,2023-01-18
200,200,65,1,2024-06-22
201,201,26,2,2022-12-06
202,202,41,4,2023-08-04
203,203,80,1,2024-02-27
204,204,8,1,2023-04-22
205,205,15,1,2022-10-09
206,206,24,2,2024-04-16
207,207,21,5,2023-11-05
208,208,30,5,2023-03-15
209,209,81,1,2023-02-06
210,210,86,4,2024-05-31
211,211,91,1,2023-03-08
212,212,24,2,2023-09-24
213,213,98,5,2024-05-14
214,214,52,3,2022-05-02
215,215,70,3,2023-04-04
216,216,43,1,2023-02-13
217,217,18,5,2023-08-10
218,218,94,3,2022-01-29
219,219,91,2,2024-01-18
220,220,42,1,2023-01-28
221,221,68,1,2023-02-05
222,222,77,1,2024-03-01
223,223,99,3,2024-06-22
224,224,66,1,2024-06-04
225,225,25,2,2022-09-01
226,226,11,3,2023-02-19
227,227,95,2,2023-12-27
229,229,83,1,2023-10-22
230,230,19,1,2022-12-21
231,231,18,5,2022-08-05
232,232,64,2,2022-05-05
233,233,13,5,2024-04-08
234,234,19,2,2023-04-08
235,235,13,1,2022-01-06
236,236,67,1,2023-07-05
237,237,95,2,2023-07-31
238,238,67,1,2022-02-01
239,239,24,2,2023-11-08
240,240,56,1,2024-04-27
241,241,16,4,2023-10-10
242,242,88,3,2023-12-13
243,243,60,3,2023-05-19
244,244,100,3,2023-11-20
245,245,90,1,2022-04-20
246,246,100,4,2023-04-15
247,247,39,4,2022-06-29
248,248,27,3,2023-04-19
249,249,61,2,2023-10-02
250,250,27,2,2023-10-01
251,251,48,2,2022-12-17
252,252,100,3,2023-11-10
253,253,55,1,2022-04-22
254,254,84,1,2022-04-16
255,255,15,1,2022-09-20
256,256,93,5,2024-04-22
257,257,63,2,2024-06-12
258,258,17,1,2023-04-25
259,259,96,2,2023-01-24
260,260,69,4,2024-06-30
261,261,74,1,2023-02-13
262,262,35,2,2023-07-03
263,263,87,1,2022-06-20
264,264,31,2,2022-09-20
265,265,44,2,2024-02-14
266,266,26,4,2022-11-08
267,267,71,1,2023-04-15
268,268,43,2,2023-04-10
269,269,18,1,2023-09-14
270,270,68,4,2023-04-18
272,272,72,4,2023-03-08
273,273,83,4,2022-12-29
274,274,78,1,2022-01-14
275,275,99,4,2022-06-18
276,276,87,1,2024-02-20
277,277,16,2,2023-06-18
278,278,96,5,2023-11-08
279,279,20,1,2022-10-16
280,280,62,2,2022-02-10
281,281,48,3,2022-08-07
282,282,84,4,2023-06-29
283,283,7,5,2024-04-14
284,284,73,3,2022-02-13
285,285,19,1,2024-04-16
286,286,66,1,2023-06-22
287,287,44,2,2024-04-05
288,288,29,1,2023-07-01
289,289,92,5,2023-11-13
290,290,71,2,2023-01-26
291,291,49,5,2022-07-28
292,292,76,2,2024-03-06
293,293,68,1,2022-04-29
294,294,59,2,2022-02-13
295,295,62,1,2023-03-10
296,296,56,4,2023-07-17
297,297,84,4,2024-02-19
298,298,95,2,2024-03-11
299,299,70,5,2022-04-19
300,300,38,1,2022-08-04
301,301,78,2,2022-10-23
302,302,74,1,2023-11-18
303,303,92,3,2023-12-22
304,304,7,2,2022-08-27
305,305,63,1,2023-05-18
306,306,19,2,2022-10-12
307,307,43,1,2022-02-15
308,308,89,2,2022-07-31
309,309,59,2,2022-10-29
310,310,78,3,2024-06-13
311,311,79,4,2023-08-06
312,312,47,4,2022-03-20
313,313,65,3,2022-06-10
314,314,9,3,2022-02-05
315,315,41,1,2023-12-13
316,316,90,1,2022-05-20
317,317,35,1,2023-12-17
318,318,86,2,2023-08-14
319,319,88,2,2023-05-18
320,320,74,3,2024-05-16
321,321,12,2,2023-10-26
322,322,39,4,2023-04-23
323,323,67,2,2022-03-28
324,324,87,4,2023-01-24
325,325,55,3,2024-06-25
326,326,41,1,2024-03-01
327,327,54,1,2023-12-27
328,328,31,3,2023-12-07
329,329,58,2,2023-10-21
330,330,80,3,2023-01-10
331,331,27,3,2023-09-11
332,332,90,2,2024-06-29
333,333,84,3,2023-07-07
334,334,37,1,2023-11-21
335,335,90,1,2023-04-30
336,336,44,4,2024-04-04
337,337,55,2,2024-06-24
338,338,8,5,2022-11-30
339,339,66,1,2022-03-29
340,340,30,1,2023-05-16
341,341,58,3,2023-06-26
342,342,66,1,2022-08-25
343,343,69,1,2024-03-25
344,344,83,1,2024-01-22
345,345,38,1,2022-05-15
346,346,72,1,2022-07-20
347,347,95,1,2023-06-25
348,348,37,3,2023-08-06
349,349,36,1,2022-10-20
350,350,52,2,2024-01-28
351,351,97,3,2022-09-04
352,352,11,1,2023-12-01
353,353,28,3,2022-01-14
354,354,55,1,2022-04-13
355,355,40,1,2024-04-14
356,356,43,1,2023-08-26
357,357,56,3,2023-03-29
358,358,77,1,2023-05-10
359,359,53,5,2022-01-28
360,360,72,3,2024-01-22
361,361,46,4,2022-11-24
362,362,55,4,2022-08-12
363,363,19,1,2024-06-17
364,364,98,4,2022-11-07
365,365,93,3,2024-01-06
366,366,29,1,2023-07-09
367,367,26,1,2022-11-14
368,368,91,1,2023-06-08
369,369,73,3,2022-10-10
370,370,16,2,2023-04-22
371,371,8,3,2024-03-09
372,372,72,1,2023-04-25
373,373,48,1,2024-04-17
374,374,64,1,2023-04-12
375,375,69,5,2022-12-07
376,376,69,1,2023-08-17
377,377,18,1,2023-06-20
378,378,14,5,2022-08-12
379,379,94,1,2024-05-20
380,380,49,5,2022-02-14
381,381,86,1,2023-12-21
382,382,14,3,2022-07-31
383,383,98,3,2023-05-22
384,384,88,1,2023-09-28
385,385,7,1,2023-03-12
386,386,72,2,2022-09-15
387,387,60,1,2022-05-09
388,388,75,1,2024-03-12
389,389,48,4,2022-08-16
390,390,85,1,2022-01-04
391,391,55,4,2023-04-18
392,392,50,1,2023-08-04
393,393,64,2,2022-02-08
394,394,19,2,2024-03-28
395,395,88,5,2023-10-31
396,396,87,2,2023-01-07
397,397,98,2,2022-07-18
398,398,72,5,2024-03-10
399,399,49,2,2022-08-09
400,400,46,3,2023-07-05
401,401,5,1,2023-09-21
402,402,5,1,2023-07-27
403,403,51,1,2022-03-08
404,404,72,2,2024-03-27
405,405,88,1,2023-01-08
406,406,15,3,2022-05-12
407,407,60,2,2022-02-22
408,408,21,2,2023-09-23
409,409,13,2,2022-03-31
410,410,92,4,2022-03-21
411,411,10,1,2024-03-15
412,412,17,1,2023-01-30
413,413,64,1,2022-05-13
414,414,47,1,2023-06-03
415,415,38,1,2024-01-01
416,416,97,5,2023-11-23
417,417,13,4,2022-06-02
418,418,23,3,2022-08-17
419,419,61,1,2022-01-29
420,420,21,2,2022-09-01
421,421,66,1,2023-01-30
422,422,77,1,2022-03-21
423,423,24,1,2023-07-27
424,424,70,3,2022-12-31
425,425,29,1,2023-09-26
426,426,43,3,2023-06-13
427,427,43,1,2022-06-03
428,428,35,2,2023-09-26
429,429,51,4,2024-03-07
430,430,66,3,2023-12-13
431,431,67,5,2023-03-25
432,432,50,3,2024-06-28
433,433,49,1,2024-04-23
434,434,59,3,2023-11-05
435,435,75,3,2023-07-16
436,436,22,1,2023-10-15
437,437,7,1,2023-07-31
438,438,67,1,2023-12-17
439,439,67,2,2023-01-25
440,440,65,2,2022-10-12
441,441,31,2,2024-03-12
442,442,35,4,2023-04-16
443,443,17,4,2022-03-10
444,444,27,4,2022-08-30
445,445,76,3,2022-11-29
446,446,28,1,2023-06-07
447,447,84,5,2022-07-24
448,448,13,1,2022-02-19
449,449,12,5,2023-12-13
450,450,31,5,2023-08-02
451,451,76,2,2024-01-22
452,452,26,5,2023-01-05
453,453,6,5,2022-03-18
454,454,63,4,2024-01-19
455,455,76,1,2023-12-06
456,456,76,1,2024-02-16
457,457,81,3,2024-04-09
458,458,90,3,2023-01-16
459,459,64,2,2023-05-10
460,460,45,4,2022-10-19
461,461,54,3,2024-06-25
462,462,55,3,2022-10-17
463,463,58,2,2024-04-18
464,464,31,1,2022-04-05
465,465,36,2,2023-04-26
467,467,16,1,2023-12-21
468,468,10,1,2022-11-01
469,469,13,4,2024-04-20
470,470,79,5,2023-07-24
471,471,96,2,2024-02-17
472,472,64,3,2022-09-18
473,473,19,4,2023-02-24
474,474,72,2,2024-01-04
475,475,23,3,2023-12-25
476,476,16,1,2022-03-20
477,477,80,1,2022-06-22
478,478,21,1,2022-10-12
479,479,51,2,2022-10-29
480,480,9,3,2023-01-17
481,481,87,5,2023-03-12
482,482,11,3,2024-06-30
483,483,89,1,2023-07-02
484,484,84,2,2022-02-10
485,485,8,2,2022-03-18
486,486,92,4,2022-02-23
487,487,81,2,2023-03-15
488,488,64,3,2022-06-04
489,489,45,4,2022-05-07
490,490,31,1,2024-05-31
491,491,72,4,2023-12-26
492,492,74,5,2024-04-04
493,493,63,2,2022-08-08
494,494,74,3,2023-08-24
495,495,56,2,2023-10-29
496,496,39,1,2022-04-15
497,497,72,4,2022-05-02
498,498,40,4,2022-05-04
499,499,88,3,2023-11-17
500,500,76,4,2023-08-29
501,501,95,1,2023-02-10
502,502,71,1,2022-04-29
503,503,9,4,2023-09-18
504,504,83,2,2024-05-24
505,505,99,5,2023-08-14
506,506,10,1,2023-01-06
507,507,90,2,2024-03-31
508,508,85,5,2022-05-17
509,509,13,2,2023-12-11
510,510,71,5,2023-03-22
511,511,26,3,2022-10-31
512,512,92,2,2023-12-16
513,513,25,1,2024-03-02
514,514,27,2,2023-08-25
515,515,33,1,2023-06-06
517,517,86,4,2023-04-03
518,518,17,5,2024-03-03
519,519,86,4,2024-06-10
520,520,93,2,2023-07-08
521,521,84,1,2022-10-15
522,522,15,5,2023-09-11
523,523,100,4,2022-07-09
524,524,22,2,2023-12-08
525,525,53,2,2022-02-12
526,526,77,4,2024-06-02
527,527,47,1,2023-11-19
529,529,54,5,2023-12-19
530,530,73,1,2022-04-13
531,531,86,2,2022-02-03
532,532,15,2,2023-03-02
533,533,67,4,2024-03-21
534,534,28,4,2022-11-09
535,535,9,4,2022-10-31
536,536,14,4,2022-09-18
537,537,61,1,2024-06-17
538,538,84,4,2022-09-14
539,539,33,3,2023-12-23
540,540,20,1,2023-11-13
541,541,77,1,2022-04-15
542,542,77,1,2022-02-06
543,543,74,3,2023-03-22
544,544,53,2,2023-08-24
545,545,64,3,2022-07-23
546,546,68,2,2022-10-26
547,547,43,2,2023-09-11
548,548,36,1,2022-08-13
549,549,94,2,2022-04-05
550,550,75,5,2023-01-04
551,551,62,2,2023-07-31
552,552,60,5,2024-05-15
553,553,69,5,2022-08-27
554,554,83,5,2023-06-02
555,555,60,1,2024-05-28
556,556,70,1,2023-01-07
557,557,24,4,2023-11-20
558,558,40,1,2023-05-27
559,559,63,1,2023-08-10
560,560,60,1,2022-11-24
561,561,43,2,2023-01-10
562,562,60,1,2023-07-09
563,563,13,2,2023-05-10
564,564,52,2,2024-04-14
565,565,51,1,2023-10-28
566,566,52,2,2022-01-05
567,567,72,3,2023-06-12
568,568,14,4,2022-01-29
569,569,44,5,2022-11-13
570,570,97,5,2022-06-12
571,571,93,2,2022-08-26
572,572,32,2,2023-05-06
573,573,81,5,2023-01-25
574,574,28,3,2023-03-22
575,575,83,3,2022-09-26
576,576,83,3,2022-08-09
577,577,52,2,2023-08-19
578,578,52,4,2023-07-08
579,579,93,5,2022-02-11
580,580,85,1,2023-09-19
581,581,9,1,2023-12-01
582,582,98,5,2023-08-04
583,583,85,2,2023-10-13
584,584,26,2,2023-04-20
585,585,84,4,2023-09-27
586,586,49,3,2022-05-15
587,587,28,1,2024-02-14
588,588,33,3,2024-01-30
589,589,83,4,2023-07-22
590,590,91,1,2022-04-06
591,591,26,2,2023-03-07
592,592,65,1,2023-06-25
593,593,33,3,2023-10-15
594,594,7,1,2024-05-29
595,595,33,3,2024-05-09
596,596,65,1,2022-09-08
597,597,12,2,2022-02-12
598,598,32,4,2023-01-17
599,599,19,2,2023-09-13
600,600,72,4,2023-08-14
601,601,85,4,2024-05-24
602,602,79,1,2022-07-18
603,603,58,1,2022-01-01
604,604,75,3,2022-06-08
605,605,21,2,2023-07-26
606,606,13,5,2022-05-10
607,607,6,1,2022-08-08
608,608,91,1,2023-03-26
609,609,90,1,2022-07-14
610,610,36,1,2022-02-09
611,611,50,1,2022-09-27
612,612,95,5,2022-07-07
613,613,87,1,2022-10-27
614,614,72,1,2023-04-20
615,615,65,1,2023-09-08
616,616,24,5,2023-03-15
617,617,5,1,2023-01-10
618,618,20,3,2022-07-09
619,619,74,1,2023-09-11
620,620,17,1,2023-01-06
621,621,31,5,2024-01-24
622,622,25,5,2023-04-03
623,623,25,1,2022-09-14
624,624,48,3,2023-11-11
625,625,72,1,2024-02-11
626,626,11,4,2024-01-01
627,627,44,1,2022-04-22
628,628,31,1,2022-06-28
629,629,40,5,2022-02-25
630,630,86,1,2023-02-08
631,631,73,1,2024-04-08
632,632,75,1,2022-09-24
633,633,52,3,2022-01-26
634,634,68,1,2023-03-11
635,635,35,2,2024-06-10
636,636,37,1,2023-11-02
637,637,80,3,2022-07-16
638,638,28,1,2023-10-08
639,639,46,2,2023-04-21
640,640,29,1,2022-10-08
641,641,95,5,2023-03-11
642,642,53,4,2023-02-13
643,643,16,3,2023-10-04
644,644,71,1,2023-09-20
645,645,58,4,2022-04-13
646,646,41,4,2023-04-10
647,647,7,1,2023-03-06
648,648,18,4,2022-04-25
649,649,46,1,2022-02-09
650,650,21,5,2022-11-09
651,651,36,5,2023-12-24
652,652,86,2,2023-11-20
653,653,69,2,2022-01-08
654,654,6,5,2023-02-14
655,655,74,3,2022-01-21
656,656,66,2,2022-11-05
657,657,35,2,2023-02-15
658,658,11,4,2024-03-26
659,659,16,2,2022-01-06
660,660,72,2,2022-10-20
661,661,40,2,2022-04-28
662,662,51,2,2022-04-28
663,663,52,5,2023-11-08
664,664,44,2,2022-03-07
665,665,81,5,2023-03-29
666,666,68,1,2023-09-21
667,667,6,1,2022-06-25
668,668,88,1,2023-12-03
669,669,100,2,2023-06-23
670,670,56,1,2023-01-31
671,671,24,5,2024-04-18
672,672,22,5,2022-06-17
673,673,16,1,2024-01-30
674,674,33,1,2023-08-08
675,675,84,1,2022-09-13
676,676,59,3,2022-10-01
677,677,52,5,2024-04-21
678,678,23,3,2024-06-03
679,679,20,4,2023-07-03
680,680,25,2,2022-05-30
681,681,36,4,2022-01-04
682,682,18,1,2022-11-08
683,683,70,4,2024-05-04
684,684,26,3,2022-11-15
685,685,71,2,2023-03-25
686,686,91,2,2022-08-03
687,687,62,3,2024-06-14
688,688,45,1,2024-06-12
689,689,39,1,2022-04-25
690,690,39,2,2023-03-15
691,691,21,2,2022-04-18
692,692,97,5,2024-02-14
693,693,35,5,2024-03-26
694,694,45,2,2022-06-14
695,695,25,2,2022-11-15
696,696,7,1,2024-04-22
697,697,52,1,2022-05-28
698,698,84,1,2023-11-02
699,699,47,1,2022-01-22
700,700,58,2,2024-01-01
701,701,88,1,2023-06-17
702,702,51,2,2023-02-12
703,703,26,1,2022-02-04
704,704,94,4,2024-05-04
705,705,31,4,2024-06-17
706,706,24,1,2024-05-02
707,707,97,1,2024-04-16
708,708,48,3,2022-02-07
709,709,16,1,2022-12-08
710,710,22,4,2024-03-03
711,711,90,1,2023-12-28
712,712,93,1,2022-08-19
713,713,35,4,2022-11-28
714,714,26,3,2023-07-24
715,715,26,4,2022-12-29
716,716,15,1,2022-01-28
717,717,88,1,2023-10-12
718,718,83,5,2022-09-17
719,719,14,2,2022-07-09
720,720,77,3,2024-05-16
721,721,60,5,2022-08-23
722,722,66,3,2023-05-15
723,723,37,2,2023-06-29
724,724,60,2,2022-07-10
726,726,55,2,2024-05-23
727,727,21,4,2022-12-16
728,728,31,2,2024-06-17
729,729,28,1,2022-10-06
730,730,86,1,2023-01-20
731,731,93,4,2022-10-30
732,732,54,3,2022-03-23
733,733,77,4,2023-12-13
734,734,62,1,2022-10-15
735,735,58,1,2023-06-04
736,736,60,1,2023-07-14
737,737,11,2,2022-03-16
738,738,65,1,2023-10-14
739,739,93,2,2024-02-03
740,740,58,1,2022-12-04
741,741,46,1,2022-04-15
742,742,76,1,2022-05-29
743,743,47,5,2023-12-08
744,744,75,4,2023-12-26
745,745,74,2,2022-06-04
746,746,26,4,2023-04-15
747,747,70,4,2024-04-09
748,748,72,1,2023-12-13
749,749,73,5,2023-08-02
750,750,55,4,2023-03-24
751,751,30,1,2022-04-27
752,752,39,2,2024-03-15
753,753,62,1,2022-12-22
754,754,36,2,2024-04-17
755,755,62,1,2022-07-12
756,756,82,5,2024-04-10
757,757,33,1,2023-12-02
758,758,51,3,2023-11-27
